﻿<?xml version="1.0" encoding="utf-8"?>
<Roots >
  <Roots.PropertyPathNames>
    <RootPropertyPathName Name="Background" />
    <RootPropertyPathName Name="BorderBrush" />
  </Roots.PropertyPathNames>
  <Roots.RootTypes>
    <RootType FullName="Windows.UI.Xaml.ResourceDictionary">
      <RootProperty Name="MergedDictionaries" />
      <RootProperty Name="Source" />
    </RootType>
    <RootType FullName="WinRTXamlToolkit.Controls.DataVisualization.Charting.AxisLabel">
      <RootProperty Name="StringFormat" />
    </RootType>
    <RootType FullName="Windows.UI.Xaml.Controls.Control">
      <RootProperty Name="IsTabStop" />
      <RootProperty Name="Template" />
      <RootProperty Name="FontStyle" />
      <RootProperty Name="BorderBrush" />
      <RootProperty Name="BorderThickness" />
      <RootProperty Name="Padding" />
      <RootProperty Name="Background" />
      <RootProperty Name="FontSize" />
      <RootProperty Name="FontWeight" />
      <RootProperty Name="HorizontalContentAlignment" />
      <RootProperty Name="VerticalContentAlignment" />
      <RootProperty Name="FontFamily" />
    </RootType>
    <RootType FullName="Windows.UI.Xaml.Setter">
      <RootProperty Name="Property" />
      <RootProperty Name="Value" />
    </RootType>
    <RootType FullName="Windows.UI.Xaml.Controls.ControlTemplate">
      <RootProperty Name="TargetType" />
      <RootProperty Name="Template" />
    </RootType>
    <RootType FullName="Windows.UI.Xaml.Controls.TextBlock">
      <RootProperty Name="Text" />
    </RootType>
    <RootType FullName="Microsoft.Xaml.Tools.DirectUI.ProxyTypes.TemplateBindingExtension" />
    <RootType FullName="WinRTXamlToolkit.Controls.DataVisualization.Charting.DateTimeAxisLabel">
      <RootProperty Name="YearsIntervalStringFormat" />
      <RootProperty Name="MonthsIntervalStringFormat" />
      <RootProperty Name="WeeksIntervalStringFormat" />
      <RootProperty Name="DaysIntervalStringFormat" />
      <RootProperty Name="HoursIntervalStringFormat" />
      <RootProperty Name="MinutesIntervalStringFormat" />
      <RootProperty Name="SecondsIntervalStringFormat" />
      <RootProperty Name="MillisecondsIntervalStringFormat" />
    </RootType>
    <RootType FullName="WinRTXamlToolkit.Controls.DataVisualization.Charting.DisplayAxis">
      <RootProperty Name="TitleStyle" />
      <RootProperty Name="MajorTickMarkStyle" />
      <RootProperty Name="GridLineStyle" />
      <RootProperty Name="ShowGridLines" />
    </RootType>
    <RootType FullName="Windows.UI.Xaml.Controls.Grid">
      <RootProperty Name="Background" />
      <RootProperty Name="Children" />
      <RootProperty Name="RowDefinitions" />
      <RootProperty Name="Margin" />
      <RootProperty Name="ColumnDefinitions" />
      <RootProperty Name="Style" />
      <RootProperty Name="Opacity" />
      <RootMethod Name="GetRow" />
      <RootMethod Name="SetRow" />
      <RootMethod Name="GetColumn" />
      <RootMethod Name="SetColumn" />
    </RootType>
    <RootType FullName="WinRTXamlToolkit.Controls.DataVisualization.Title">
      <RootProperty Name="Style" />
      <RootProperty Name="Content" />
      <RootProperty Name="ContentTemplate" />
    </RootType>
    <RootType FullName="Windows.UI.Xaml.Shapes.Line">
      <RootProperty Name="X2" />
      <RootProperty Name="Y2" />
    </RootType>
    <RootType FullName="Windows.UI.Xaml.Shapes.Shape">
      <RootProperty Name="Stroke" />
      <RootProperty Name="StrokeThickness" />
      <RootProperty Name="StrokeMiterLimit" />
      <RootProperty Name="Fill" />
    </RootType>
    <RootType FullName="WinRTXamlToolkit.Controls.DataVisualization.Charting.NumericAxisLabel" />
    <RootType FullName="WinRTXamlToolkit.Controls.DataVisualization.Charting.RangeAxis">
      <RootProperty Name="MinorTickMarkStyle" />
    </RootType>
    <RootType FullName="WinRTXamlToolkit.Controls.DataVisualization.Charting.Chart">
      <RootProperty Name="Palette" />
      <RootProperty Name="TitleStyle" />
      <RootProperty Name="LegendStyle" />
      <RootProperty Name="ChartAreaStyle" />
      <RootProperty Name="PlotAreaStyle" />
    </RootType>
    <RootType FullName="Windows.UI.Xaml.Controls.Border">
      <RootProperty Name="Background" />
      <RootProperty Name="BorderBrush" />
      <RootProperty Name="BorderThickness" />
      <RootProperty Name="Padding" />
      <RootProperty Name="Child" />
      <RootProperty Name="Opacity" />
    </RootType>
    <RootType FullName="Windows.UI.Xaml.Controls.RowDefinition">
      <RootProperty Name="Height" />
    </RootType>
    <RootType FullName="Windows.UI.Xaml.Controls.ColumnDefinition">
      <RootProperty Name="Width" />
    </RootType>
    <RootType FullName="WinRTXamlToolkit.Controls.DataVisualization.Legend">
      <RootProperty Name="Style" />
      <RootProperty Name="TitleStyle" />
    </RootType>
    <RootType FullName="WinRTXamlToolkit.Controls.DataVisualization.Charting.Primitives.EdgePanel">
      <RootProperty Name="Style" />
      <RootProperty Name="Children" />
    </RootType>
    <RootType FullName="Windows.UI.Xaml.Controls.Canvas">
      <RootProperty Name="Children" />
      <RootMethod Name="GetZIndex" />
      <RootMethod Name="SetZIndex" />
    </RootType>
    <RootType FullName="Windows.UI.Xaml.Controls.Panel">
      <RootProperty Name="Background" />
    </RootType>
    <RootType FullName="Windows.UI.Xaml.Media.LinearGradientBrush">
      <RootProperty Name="EndPoint" />
      <RootProperty Name="StartPoint" />
      <RootProperty Name="GradientStops" />
    </RootType>
    <RootType FullName="Windows.UI.Xaml.Media.GradientStop">
      <RootProperty Name="Color" />
      <RootProperty Name="Offset" />
    </RootType>
    <RootType FullName="Windows.UI.Xaml.FrameworkElement">
      <RootProperty Name="MinWidth" />
      <RootProperty Name="MinHeight" />
      <RootProperty Name="Margin" />
      <RootProperty Name="VerticalAlignment" />
      <RootProperty Name="HorizontalAlignment" />
      <RootProperty Name="Width" />
      <RootProperty Name="Height" />
    </RootType>
    <RootType FullName="WinRTXamlToolkit.Controls.DataVisualization.Charting.ResourceDictionaryCollection" />
    <RootType FullName="Microsoft.Xaml.Tools.DirectUI.ProxyTypes.StaticResourceExtension" />
    <RootType FullName="WinRTXamlToolkit.Controls.DataVisualization.Charting.AreaDataPoint" />
    <RootType FullName="Windows.UI.Xaml.VisualStateManager">
      <RootMethod Name="GetVisualStateGroups" />
    </RootType>
    <RootType FullName="Windows.UI.Xaml.Controls.ToolTipService">
      <RootMethod Name="GetToolTip" />
      <RootMethod Name="SetToolTip" />
    </RootType>
    <RootType FullName="Windows.UI.Xaml.VisualStateGroup">
      <RootProperty Name="Transitions" />
      <RootProperty Name="States" />
    </RootType>
    <RootType FullName="Windows.UI.Xaml.VisualTransition">
      <RootProperty Name="GeneratedDuration" />
    </RootType>
    <RootType FullName="Windows.UI.Xaml.VisualState">
      <RootProperty Name="Storyboard" />
    </RootType>
    <RootType FullName="Windows.UI.Xaml.Media.Animation.Storyboard">
      <RootProperty Name="Children" />
      <RootMethod Name="GetTargetName" />
      <RootMethod Name="SetTargetName" />
      <RootMethod Name="GetTargetProperty" />
      <RootMethod Name="SetTargetProperty" />
    </RootType>
    <RootType FullName="Windows.UI.Xaml.Media.Animation.DoubleAnimation">
      <RootProperty Name="Duration" />
      <RootProperty Name="To" />
    </RootType>
    <RootType FullName="Windows.UI.Xaml.Media.Animation.DoubleAnimationUsingKeyFrames">
      <RootProperty Name="BeginTime" />
      <RootProperty Name="Duration" />
      <RootProperty Name="KeyFrames" />
    </RootType>
    <RootType FullName="Windows.UI.Xaml.Media.Animation.SplineDoubleKeyFrame">
      <RootProperty Name="KeyTime" />
      <RootProperty Name="Value" />
    </RootType>
    <RootType FullName="Windows.UI.Xaml.Controls.ContentControl">
      <RootProperty Name="Content" />
    </RootType>
    <RootType FullName="Windows.UI.Xaml.Shapes.Ellipse">
      <RootProperty Name="Stroke" />
      <RootProperty Name="Fill" />
      <RootProperty Name="RenderTransformOrigin" />
      <RootProperty Name="Opacity" />
      <RootProperty Name="StrokeThickness" />
    </RootType>
    <RootType FullName="WinRTXamlToolkit.Controls.DataVisualization.Charting.BarDataPoint" />
    <RootType FullName="Windows.UI.Xaml.Shapes.Rectangle">
      <RootProperty Name="Fill" />
      <RootProperty Name="Opacity" />
      <RootProperty Name="Width" />
      <RootProperty Name="Height" />
      <RootProperty Name="Stroke" />
      <RootProperty Name="StrokeThickness" />
      <RootProperty Name="Margin" />
    </RootType>
    <RootType FullName="Microsoft.Xaml.Tools.DirectUI.ProxyTypes.NullExtension" />
    <RootType FullName="WinRTXamlToolkit.Controls.DataVisualization.Charting.BubbleDataPoint" />
    <RootType FullName="WinRTXamlToolkit.Controls.DataVisualization.Charting.ColumnDataPoint" />
    <RootType FullName="WinRTXamlToolkit.Controls.DataVisualization.Charting.LineDataPoint" />
    <RootType FullName="WinRTXamlToolkit.Controls.DataVisualization.Charting.PieDataPoint">
      <RootProperty Name="RatioStringFormat" />
    </RootType>
    <RootType FullName="Windows.UI.Xaml.Shapes.Path">
      <RootProperty Name="Data" />
      <RootProperty Name="Fill" />
      <RootProperty Name="Stroke" />
      <RootProperty Name="StrokeMiterLimit" />
      <RootProperty Name="IsHitTestVisible" />
      <RootProperty Name="Opacity" />
      <RootProperty Name="Stretch" />
      <RootProperty Name="StrokeThickness" />
      <RootProperty Name="StrokeLineJoin" />
      <RootProperty Name="Style" />
    </RootType>
    <RootType FullName="Windows.UI.Xaml.Controls.StackPanel">
      <RootProperty Name="Children" />
      <RootProperty Name="Orientation" />
    </RootType>
    <RootType FullName="WinRTXamlToolkit.Controls.DataVisualization.Charting.ScatterDataPoint" />
    <RootType FullName="WinRTXamlToolkit.Controls.DataVisualization.Charting.Primitives.DelegatingListBox">
      <RootProperty Name="Background" />
      <RootProperty Name="BorderThickness" />
      <RootProperty Name="ItemsPanel" />
      <RootProperty Name="ItemContainerStyle" />
    </RootType>
    <RootType FullName="WinRTXamlToolkit.Controls.DataVisualization.Charting.AreaSeries">
      <RootProperty Name="PathStyle" />
    </RootType>
    <RootType FullName="Windows.UI.Xaml.UIElement">
      <RootProperty Name="Opacity" />
    </RootType>
    <RootType FullName="WinRTXamlToolkit.Controls.DataVisualization.Charting.DataPointSeries" />
    <RootType FullName="WinRTXamlToolkit.Controls.DataVisualization.Charting.DefinitionSeries" />
    <RootType FullName="Windows.UI.Xaml.Controls.ItemsPanelTemplate">
      <RootProperty Name="Template" />
    </RootType>
    <RootType FullName="Windows.UI.Xaml.Controls.ListBoxItem" />
    <RootType FullName="WinRTXamlToolkit.Controls.DataVisualization.Charting.LegendItem" />
    <RootType FullName="Windows.UI.Xaml.Data.Binding" />
    <RootType FullName="WinRTXamlToolkit.Controls.DataVisualization.Charting.LineSeries">
      <RootProperty Name="PolylineStyle" />
    </RootType>
    <RootType FullName="Windows.UI.Xaml.Shapes.Polyline">
      <RootProperty Name="Points" />
      <RootProperty Name="Stroke" />
      <RootProperty Name="Style" />
    </RootType>
    <RootType FullName="WinRTXamlToolkit.Controls.DataVisualization.Charting.PieSeries" />
    <RootType FullName="Windows.UI.Xaml.Controls.ScrollViewer">
      <RootProperty Name="VerticalScrollBarVisibility" />
      <RootProperty Name="BorderThickness" />
      <RootProperty Name="Padding" />
      <RootProperty Name="IsTabStop" />
      <RootProperty Name="Content" />
    </RootType>
    <RootType FullName="Windows.UI.Xaml.Controls.ItemsPresenter">
      <RootProperty Name="Margin" />
    </RootType>
    <RootType FullName="WinRTXamlToolkit.Controls.DataVisualization.Charting.CategoryAxis" />
    <RootType FullName="WinRTXamlToolkit.Controls.DataVisualization.Charting.DateTimeAxis" />
    <RootType FullName="WinRTXamlToolkit.Controls.DataVisualization.Charting.LinearAxis" />
    <RootType FullName="WinRTXamlToolkit.Controls.DataVisualization.Charting.NumericAxis" />
    <RootType FullName="Windows.UI.Xaml.Media.SolidColorBrush">
      <RootProperty Name="Color" />
    </RootType>
    <RootType FullName="Windows.UI.Xaml.Controls.ContentPresenter">
      <RootProperty Name="Content" />
      <RootProperty Name="ContentTemplate" />
      <RootProperty Name="Margin" />
      <RootProperty Name="HorizontalAlignment" />
      <RootProperty Name="VerticalAlignment" />
    </RootType>
  </Roots.RootTypes>
</Roots>
